{
  "data_execucao": "2026-04-29 20:11:54",
  "parametros": {
    "concurso_inicial": 2596,
    "concurso_final": 2995,
    "concursos_validos": 400,
    "cartoes_por_estrategia": 10,
    "qtd_numeros": 15,
    "seed": 42,
    "estrategias": [
      "escada",
      "atrasados",
      "quentes",
      "equilibrado",
      "misto",
      "consenso",
      "aleatorio_smart",
      "ensemble",
      "sequencias",
      "candidatos_ouro",
      "momentum",
      "vizinhanca",
      "frequencia_desvio",
      "pares_frequentes",
      "ciclos",
      "atraso_recente",
      "wheel"
    ]
  },
  "benchmark_aleatorio": {
    "media_esperada": 1.5,
    "desvio_esperado": 1.014722137803819,
    "p_terno_ou_mais": 0.15875603678981204,
    "p_quadra_ou_mais": 0.029791749976929467,
    "p_quina_ou_mais": 0.002799224830047064,
    "probabilidades": {
      "0": 0.1626934079793288,
      "1": 0.36606016795348983,
      "2": 0.31249038727736933,
      "3": 0.12896428681288258,
      "4": 0.026992525146882402,
      "5": 0.0026992525146882405,
      "6": 9.997231535882371e-05
    }
  },
  "ranking": [
    {
      "estrategia": "aleatorio_smart",
      "versao": "1.0",
      "nota_versao": "Aleatório puro com rejeição: soma 140-210 e paridade 2-4 (max 100 tentativas)",
      "concursos": 400,
      "jogos": 4000,
      "media_por_cartao": 1.5145,
      "desvio_por_cartao": 1.0131862546425752,
      "ic95_inf": 1.4831010326652703,
      "ic95_sup": 1.5458989673347296,
      "delta_vs_aleatorio": 0.014499999999999957,
      "p_media_vs_aleatorio": 0.3653990056322183,
      "media_melhor_cartao_concurso": 3.1575,
      "media_media_concurso": 1.5145,
      "taxa_jogo_terno_ou_mais": 0.16125,
      "taxa_jogo_quadra_ou_mais": 0.032,
      "taxa_jogo_quina_ou_mais": 0.00325,
      "taxa_concurso_terno_ou_mais": 0.8375,
      "taxa_concurso_quadra_ou_mais": 0.2875,
      "taxa_concurso_quina_ou_mais": 0.0325,
      "p_quadra_ou_mais_vs_aleatorio": 0.4024440694887697,
      "intersecao_media_cartoes": 3.738777777777778,
      "intersecao_maxima_media": 7.0425,
      "max_freq_numero_media": 5.8975,
      "ternos": 517,
      "quadras": 115,
      "quinas": 13,
      "senas": 0
    },
    {
      "estrategia": "atraso_recente",
      "versao": "1.0",
      "nota_versao": "Números que não saem há mais concursos do que o normal nos últimos 100 sorteios",
      "concursos": 400,
      "jogos": 4000,
      "media_por_cartao": 1.51225,
      "desvio_por_cartao": 1.0114868827268508,
      "ic95_inf": 1.4809036967465554,
      "ic95_sup": 1.5435963032534448,
      "delta_vs_aleatorio": 0.012250000000000094,
      "p_media_vs_aleatorio": 0.44370037724151246,
      "media_melhor_cartao_concurso": 3.0525,
      "media_media_concurso": 1.5122499999999999,
      "taxa_jogo_terno_ou_mais": 0.162,
      "taxa_jogo_quadra_ou_mais": 0.03025,
      "taxa_jogo_quina_ou_mais": 0.0025,
      "taxa_concurso_terno_ou_mais": 0.775,
      "taxa_concurso_quadra_ou_mais": 0.255,
      "taxa_concurso_quina_ou_mais": 0.025,
      "p_quadra_ou_mais_vs_aleatorio": 0.8523775999396903,
      "intersecao_media_cartoes": 4.624611111111111,
      "intersecao_maxima_media": 7.8875,
      "max_freq_numero_media": 7.235,
      "ternos": 527,
      "quadras": 111,
      "quinas": 9,
      "senas": 1
    },
    {
      "estrategia": "sequencias",
      "versao": "1.1",
      "nota_versao": "KMeans 4 clusters (co-ocorrência + StandardScaler) + vizinhança N±1 + filtros geométricos",
      "concursos": 400,
      "jogos": 4000,
      "media_por_cartao": 1.512,
      "desvio_por_cartao": 1.0293788929380214,
      "ic95_inf": 1.4800992176055296,
      "ic95_sup": 1.5439007823944704,
      "delta_vs_aleatorio": 0.01200000000000001,
      "p_media_vs_aleatorio": 0.460948448861318,
      "media_melhor_cartao_concurso": 3.06,
      "media_media_concurso": 1.5119999999999998,
      "taxa_jogo_terno_ou_mais": 0.162,
      "taxa_jogo_quadra_ou_mais": 0.03575,
      "taxa_jogo_quina_ou_mais": 0.0035,
      "taxa_concurso_terno_ou_mais": 0.765,
      "taxa_concurso_quadra_ou_mais": 0.2725,
      "taxa_concurso_quina_ou_mais": 0.0325,
      "p_quadra_ou_mais_vs_aleatorio": 0.0287917491781127,
      "intersecao_media_cartoes": 4.5889444444444445,
      "intersecao_maxima_media": 7.9025,
      "max_freq_numero_media": 6.715,
      "ternos": 505,
      "quadras": 129,
      "quinas": 14,
      "senas": 0
    },
    {
      "estrategia": "ciclos",
      "versao": "1.0",
      "nota_versao": "Números cujo gap atual está próximo do ciclo médio de aparição",
      "concursos": 400,
      "jogos": 4000,
      "media_por_cartao": 1.5065,
      "desvio_por_cartao": 1.016226317796506,
      "ic95_inf": 1.4750068201320579,
      "ic95_sup": 1.537993179867942,
      "delta_vs_aleatorio": 0.00649999999999995,
      "p_media_vs_aleatorio": 0.6858215289252114,
      "media_melhor_cartao_concurso": 2.845,
      "media_media_concurso": 1.5065,
      "taxa_jogo_terno_ou_mais": 0.16275,
      "taxa_jogo_quadra_ou_mais": 0.02825,
      "taxa_jogo_quina_ou_mais": 0.00275,
      "taxa_concurso_terno_ou_mais": 0.645,
      "taxa_concurso_quadra_ou_mais": 0.2225,
      "taxa_concurso_quina_ou_mais": 0.0225,
      "p_quadra_ou_mais_vs_aleatorio": 0.6088697459528658,
      "intersecao_media_cartoes": 6.131222222222223,
      "intersecao_maxima_media": 9.3675,
      "max_freq_numero_media": 7.8975,
      "ternos": 538,
      "quadras": 102,
      "quinas": 10,
      "senas": 1
    },
    {
      "estrategia": "vizinhanca",
      "versao": "1.0",
      "nota_versao": "Números ±2 do último sorteio como pool de candidatos",
      "concursos": 400,
      "jogos": 4000,
      "media_por_cartao": 1.5055,
      "desvio_por_cartao": 1.020161718789291,
      "ic95_inf": 1.4738848607917538,
      "ic95_sup": 1.5371151392082463,
      "delta_vs_aleatorio": 0.00550000000000006,
      "p_media_vs_aleatorio": 0.7331217377062735,
      "media_melhor_cartao_concurso": 2.8675,
      "media_media_concurso": 1.5055,
      "taxa_jogo_terno_ou_mais": 0.1645,
      "taxa_jogo_quadra_ou_mais": 0.029,
      "taxa_jogo_quina_ou_mais": 0.002,
      "taxa_concurso_terno_ou_mais": 0.6725,
      "taxa_concurso_quadra_ou_mais": 0.215,
      "taxa_concurso_quina_ou_mais": 0.0175,
      "p_quadra_ou_mais_vs_aleatorio": 0.8161024842888764,
      "intersecao_media_cartoes": 6.265944444444444,
      "intersecao_maxima_media": 9.4175,
      "max_freq_numero_media": 8.1925,
      "ternos": 542,
      "quadras": 108,
      "quinas": 8,
      "senas": 0
    },
    {
      "estrategia": "ensemble",
      "versao": "3.0",
      "nota_versao": "Ensemble adaptativo por streak: só entram estratégias que marcaram terno+ em algum dos últimos N concursos (default N=2); fallback para ranking recente, backtesting e ensemble clássico",
      "concursos": 400,
      "jogos": 4000,
      "media_por_cartao": 1.50475,
      "desvio_por_cartao": 1.011302685045479,
      "ic95_inf": 1.4734094050918414,
      "ic95_sup": 1.5360905949081587,
      "delta_vs_aleatorio": 0.004750000000000032,
      "p_media_vs_aleatorio": 0.7664216063171678,
      "media_melhor_cartao_concurso": 3.105,
      "media_media_concurso": 1.50475,
      "taxa_jogo_terno_ou_mais": 0.157,
      "taxa_jogo_quadra_ou_mais": 0.031,
      "taxa_jogo_quina_ou_mais": 0.00325,
      "taxa_concurso_terno_ou_mais": 0.8075,
      "taxa_concurso_quadra_ou_mais": 0.265,
      "taxa_concurso_quina_ou_mais": 0.0325,
      "p_quadra_ou_mais_vs_aleatorio": 0.6417881459164334,
      "intersecao_media_cartoes": 3.9570555555555558,
      "intersecao_maxima_media": 7.305,
      "max_freq_numero_media": 6.3975,
      "ternos": 504,
      "quadras": 111,
      "quinas": 12,
      "senas": 1
    },
    {
      "estrategia": "equilibrado",
      "versao": "1.0",
      "nota_versao": "3 pares exatos + 3 ímpares exatos",
      "concursos": 400,
      "jogos": 4000,
      "media_por_cartao": 1.5025,
      "desvio_por_cartao": 1.013286947320157,