{
  "data_execucao": "2026-04-12 22:08:12",
  "parametros": {
    "concurso_inicial": 2500,
    "concurso_final": 2995,
    "concursos_validos": 496,
    "cartoes_por_estrategia": 10,
    "qtd_numeros": 14,
    "seed": 42,
    "estrategias": [
      "escada",
      "atrasados",
      "quentes",
      "equilibrado",
      "misto",
      "consenso",
      "aleatorio_smart",
      "ensemble",
      "sequencias",
      "candidatos_ouro",
      "momentum",
      "vizinhanca",
      "frequencia_desvio",
      "pares_frequentes",
      "ciclos",
      "ensemble_v2"
    ]
  },
  "benchmark_aleatorio": {
    "media_esperada": 1.4,
    "desvio_esperado": 0.9911472551321183,
    "p_terno_ou_mais": 0.13296317942723554,
    "p_quadra_ou_mais": 0.02259374327109416,
    "p_quina_ou_mais": 0.0018994739918176508,
    "probabilidades": {
      "0": 0.18709741917622816,
      "1": 0.3833215417269064,
      "2": 0.29661785966962995,
      "3": 0.11036943615614139,
      "4": 0.02069426927927651,
      "5": 0.0018394906026023565,
      "6": 5.998338921529423e-05
    }
  },
  "ranking": [
    {
      "estrategia": "ciclos",
      "versao": "1.0",
      "nota_versao": "Números cujo gap atual está próximo do ciclo médio de aparição",
      "concursos": 496,
      "jogos": 4960,
      "media_por_cartao": 1.41875,
      "desvio_por_cartao": 1.007459198729286,
      "ic95_inf": 1.3907122796524711,
      "ic95_sup": 1.4467877203475288,
      "delta_vs_aleatorio": 0.018750000000000044,
      "p_media_vs_aleatorio": 0.1899475672523394,
      "media_melhor_cartao_concurso": 2.9375,
      "media_media_concurso": 1.4187500000000002,
      "taxa_jogo_terno_ou_mais": 0.13911290322580644,
      "taxa_jogo_quadra_ou_mais": 0.02439516129032258,
      "taxa_jogo_quina_ou_mais": 0.0016129032258064516,
      "taxa_concurso_terno_ou_mais": 0.7237903225806451,
      "taxa_concurso_quadra_ou_mais": 0.20766129032258066,
      "taxa_concurso_quina_ou_mais": 0.016129032258064516,
      "p_quadra_ou_mais_vs_aleatorio": 0.3895431823201644,
      "ternos": 569,
      "quadras": 113,
      "quinas": 8,
      "senas": 0
    },
    {
      "estrategia": "frequencia_desvio",
      "versao": "1.0",
      "nota_versao": "Números com frequência > 1 desvio padrão acima da média",
      "concursos": 496,
      "jogos": 4960,
      "media_por_cartao": 1.418548387096774,
      "desvio_por_cartao": 0.999202499942695,
      "ic95_inf": 1.3907404517488404,
      "ic95_sup": 1.4463563224447078,
      "delta_vs_aleatorio": 0.0185483870967742,
      "p_media_vs_aleatorio": 0.19109222913823887,
      "media_melhor_cartao_concurso": 2.7701612903225805,
      "media_media_concurso": 1.4185483870967743,
      "taxa_jogo_terno_ou_mais": 0.1368951612903226,
      "taxa_jogo_quadra_ou_mais": 0.022782258064516128,
      "taxa_jogo_quina_ou_mais": 0.00282258064516129,
      "taxa_concurso_terno_ou_mais": 0.6088709677419355,
      "taxa_concurso_quadra_ou_mais": 0.1774193548387097,
      "taxa_concurso_quina_ou_mais": 0.02217741935483871,
      "p_quadra_ou_mais_vs_aleatorio": 0.9238297594864099,
      "ternos": 566,
      "quadras": 99,
      "quinas": 14,
      "senas": 0
    },
    {
      "estrategia": "pares_frequentes",
      "versao": "1.0",
      "nota_versao": "Top 30 pares co-ocorrentes nos últimos 200 sorteios → números únicos",
      "concursos": 496,
      "jogos": 4960,
      "media_por_cartao": 1.417540322580645,
      "desvio_por_cartao": 1.0015388433988759,
      "ic95_inf": 1.389667366490886,
      "ic95_sup": 1.4454132786704041,
      "delta_vs_aleatorio": 0.017540322580645196,
      "p_media_vs_aleatorio": 0.2174194981973887,
      "media_melhor_cartao_concurso": 2.8971774193548385,
      "media_media_concurso": 1.417540322580645,
      "taxa_jogo_terno_ou_mais": 0.13548387096774195,
      "taxa_jogo_quadra_ou_mais": 0.025,
      "taxa_jogo_quina_ou_mais": 0.0020161290322580645,
      "taxa_concurso_terno_ou_mais": 0.6875,
      "taxa_concurso_quadra_ou_mais": 0.19959677419354838,
      "taxa_concurso_quina_ou_mais": 0.020161290322580645,
      "p_quadra_ou_mais_vs_aleatorio": 0.2513368872863022,
      "ternos": 548,
      "quadras": 114,
      "quinas": 10,
      "senas": 0
    },
    {
      "estrategia": "consenso",
      "versao": "1.0",
      "nota_versao": "Interseção de 3 pools (atrasados/quentes/atraso_rec) com >= 2 votos + filtros básicos",
      "concursos": 496,
      "jogos": 4960,
      "media_por_cartao": 1.4171370967741936,
      "desvio_por_cartao": 0.9901657338215663,
      "ic95_inf": 1.3895806558010892,
      "ic95_sup": 1.444693537747298,
      "delta_vs_aleatorio": 0.017137096774193727,
      "p_media_vs_aleatorio": 0.22287989366065686,
      "media_melhor_cartao_concurso": 2.651209677419355,
      "media_media_concurso": 1.4171370967741934,
      "taxa_jogo_terno_ou_mais": 0.13830645161290323,
      "taxa_jogo_quadra_ou_mais": 0.023185483870967742,
      "taxa_jogo_quina_ou_mais": 0.002217741935483871,
      "taxa_concurso_terno_ou_mais": 0.5584677419354839,
      "taxa_concurso_quadra_ou_mais": 0.1592741935483871,
      "taxa_concurso_quina_ou_mais": 0.016129032258064516,
      "p_quadra_ou_mais_vs_aleatorio": 0.7742409183121302,
      "ternos": 571,
      "quadras": 104,
      "quinas": 11,
      "senas": 0
    },
    {
      "estrategia": "sequencias",
      "versao": "1.1",
      "nota_versao": "KMeans 4 clusters (co-ocorrência + StandardScaler) + vizinhança N±1 + filtros geométricos",
      "concursos": 496,
      "jogos": 4960,
      "media_por_cartao": 1.4120967741935484,
      "desvio_por_cartao": 0.9964318468404854,
      "ic95_inf": 1.3843659464812965,
      "ic95_sup": 1.4398276019058003,
      "delta_vs_aleatorio": 0.012096774193548487,
      "p_media_vs_aleatorio": 0.39255474667547574,
      "media_melhor_cartao_concurso": 3.0100806451612905,
      "media_media_concurso": 1.4120967741935484,
      "taxa_jogo_terno_ou_mais": 0.13911290322580644,
      "taxa_jogo_quadra_ou_mais": 0.02560483870967742,
      "taxa_jogo_quina_ou_mais": 0.0008064516129032258,
      "taxa_concurso_terno_ou_mais": 0.7782258064516129,
      "taxa_concurso_quadra_ou_mais": 0.22983870967741934,
      "taxa_concurso_quina_ou_mais": 0.008064516129032258,
      "p_quadra_ou_mais_vs_aleatorio": 0.1517217305087193,
      "ternos": 563,
      "quadras": 123,
      "quinas": 4,
      "senas": 0
    },
    {
      "estrategia": "quentes",
      "versao": "1.0",
      "nota_versao": "Top-20 mais frequentes nos últimos 50 sorteios + filtros básicos",
      "concursos": 496,
      "jogos": 4960,
      "media_por_cartao": 1.4038306451612903,
      "desvio_por_cartao": 0.9964776863226625,
      "ic95_inf": 1.3760985417302958,
      "ic95_sup": 1.4315627485922848,
      "delta_vs_aleatorio": 0.0038306451612903913,
      "p_media_vs_aleatorio": 0.7865944813863845,
      "media_melhor_cartao_concurso": 2.75,
      "media_media_concurso": 1.4038306451612903,
      "taxa_jogo_terno_ou_mais": 0.1372983870967742,
      "taxa_jogo_quadra_ou_mais": 0.02258064516129032,
      "taxa_jogo_quina_ou_mais": 0.002620967741935484,
      "taxa_concurso_terno_ou_mais": 0.6209677419354839,
      "taxa_concurso_quadra_ou_mais": 0.16330645161290322,
      "taxa_concurso_quina_ou_mais": 0.024193548387096774,
      "p_quadra_ou_mais_vs_aleatorio": 1.0,
      "ternos": 569,
      "quadras": 99,
      "quinas": 13,
      "senas": 0
    },
    {
      "estrategia": "ensemble",
      "versao": "1.0",
      "nota_versao": "Votação de 7 estratégias base; top-20 votados com filtro soma/paridade",
      "concursos": 496,
      "jogos": 4960,
      "media_por_cartao": 1.4016129032258065,
      "desvio_por_cartao": 1.0049270731842543,
      "ic95_inf": 1.3736456522610636,
      "ic95_sup": 1.4295801541905493,
      "delta_vs_aleatorio": 0.001612903225806539,
      "p_media_vs_aleatorio": 0.9100024637522077,
      "media_melhor_cartao_concurso": 2.965725806451613,
      "media_media_concurso": 1.4016129032258065,