{
  "data_execucao": "2026-04-12 00:16:26",
  "parametros": {
    "concurso_inicial": 2500,
    "concurso_final": 2995,
    "concursos_validos": 496,
    "cartoes_por_estrategia": 10,
    "qtd_numeros": 14,
    "seed": 42,
    "estrategias": [
      "escada",
      "atrasados",
      "quentes",
      "equilibrado",
      "misto",
      "consenso",
      "aleatorio_smart",
      "ensemble",
      "sequencias"
    ]
  },
  "benchmark_aleatorio": {
    "media_esperada": 1.4,
    "desvio_esperado": 0.9911472551321183,
    "p_terno_ou_mais": 0.13296317942723554,
    "p_quadra_ou_mais": 0.02259374327109416,
    "p_quina_ou_mais": 0.0018994739918176508,
    "probabilidades": {
      "0": 0.18709741917622816,
      "1": 0.3833215417269064,
      "2": 0.29661785966962995,
      "3": 0.11036943615614139,
      "4": 0.02069426927927651,
      "5": 0.0018394906026023565,
      "6": 5.998338921529423e-05
    }
  },
  "ranking": [
    {
      "estrategia": "consenso",
      "versao": "1.0",
      "nota_versao": "Interseção de 3 pools (atrasados/quentes/atraso_rec) com >= 2 votos + filtros básicos",
      "concursos": 496,
      "jogos": 4960,
      "media_por_cartao": 1.4171370967741936,
      "desvio_por_cartao": 0.9901657338215663,
      "ic95_inf": 1.3895806558010892,
      "ic95_sup": 1.444693537747298,
      "delta_vs_aleatorio": 0.017137096774193727,
      "p_media_vs_aleatorio": 0.22287989366065686,
      "media_melhor_cartao_concurso": 2.651209677419355,
      "media_media_concurso": 1.4171370967741934,
      "taxa_jogo_terno_ou_mais": 0.13830645161290323,
      "taxa_jogo_quadra_ou_mais": 0.023185483870967742,
      "taxa_jogo_quina_ou_mais": 0.002217741935483871,
      "taxa_concurso_terno_ou_mais": 0.5584677419354839,
      "taxa_concurso_quadra_ou_mais": 0.1592741935483871,
      "taxa_concurso_quina_ou_mais": 0.016129032258064516,
      "p_quadra_ou_mais_vs_aleatorio": 0.7742409183121302,
      "ternos": 571,
      "quadras": 104,
      "quinas": 11,
      "senas": 0
    },
    {
      "estrategia": "sequencias",
      "versao": "1.1",
      "nota_versao": "KMeans 4 clusters (co-ocorrência + StandardScaler) + vizinhança N±1 + filtros geométricos",
      "concursos": 496,
      "jogos": 4960,
      "media_por_cartao": 1.4120967741935484,
      "desvio_por_cartao": 0.9964318468404854,
      "ic95_inf": 1.3843659464812965,
      "ic95_sup": 1.4398276019058003,
      "delta_vs_aleatorio": 0.012096774193548487,
      "p_media_vs_aleatorio": 0.39255474667547574,
      "media_melhor_cartao_concurso": 3.0100806451612905,
      "media_media_concurso": 1.4120967741935484,
      "taxa_jogo_terno_ou_mais": 0.13911290322580644,
      "taxa_jogo_quadra_ou_mais": 0.02560483870967742,
      "taxa_jogo_quina_ou_mais": 0.0008064516129032258,
      "taxa_concurso_terno_ou_mais": 0.7782258064516129,
      "taxa_concurso_quadra_ou_mais": 0.22983870967741934,
      "taxa_concurso_quina_ou_mais": 0.008064516129032258,
      "p_quadra_ou_mais_vs_aleatorio": 0.1517217305087193,
      "ternos": 563,
      "quadras": 123,
      "quinas": 4,
      "senas": 0
    },
    {
      "estrategia": "quentes",
      "versao": "1.0",
      "nota_versao": "Top-20 mais frequentes nos últimos 50 sorteios + filtros básicos",
      "concursos": 496,
      "jogos": 4960,
      "media_por_cartao": 1.4038306451612903,
      "desvio_por_cartao": 0.9964776863226625,
      "ic95_inf": 1.3760985417302958,
      "ic95_sup": 1.4315627485922848,
      "delta_vs_aleatorio": 0.0038306451612903913,
      "p_media_vs_aleatorio": 0.7865944813863845,
      "media_melhor_cartao_concurso": 2.75,
      "media_media_concurso": 1.4038306451612903,
      "taxa_jogo_terno_ou_mais": 0.1372983870967742,
      "taxa_jogo_quadra_ou_mais": 0.02258064516129032,
      "taxa_jogo_quina_ou_mais": 0.002620967741935484,
      "taxa_concurso_terno_ou_mais": 0.6209677419354839,
      "taxa_concurso_quadra_ou_mais": 0.16330645161290322,
      "taxa_concurso_quina_ou_mais": 0.024193548387096774,
      "p_quadra_ou_mais_vs_aleatorio": 1.0,
      "ternos": 569,
      "quadras": 99,
      "quinas": 13,
      "senas": 0
    },
    {
      "estrategia": "ensemble",
      "versao": "1.0",
      "nota_versao": "Votação de 7 estratégias base; top-20 votados com filtro soma/paridade",
      "concursos": 496,
      "jogos": 4960,
      "media_por_cartao": 1.4016129032258065,
      "desvio_por_cartao": 1.0049270731842543,
      "ic95_inf": 1.3736456522610636,
      "ic95_sup": 1.4295801541905493,
      "delta_vs_aleatorio": 0.001612903225806539,
      "p_media_vs_aleatorio": 0.9100024637522077,
      "media_melhor_cartao_concurso": 2.965725806451613,
      "media_media_concurso": 1.4016129032258065,
      "taxa_jogo_terno_ou_mais": 0.13528225806451613,
      "taxa_jogo_quadra_ou_mais": 0.02560483870967742,
      "taxa_jogo_quina_ou_mais": 0.0030241935483870967,
      "taxa_concurso_terno_ou_mais": 0.7318548387096774,
      "taxa_concurso_quadra_ou_mais": 0.2157258064516129,
      "taxa_concurso_quina_ou_mais": 0.03024193548387097,
      "p_quadra_ou_mais_vs_aleatorio": 0.1517217305087193,
      "ternos": 544,
      "quadras": 112,
      "quinas": 15,
      "senas": 0
    },
    {
      "estrategia": "aleatorio_smart",
      "versao": "1.0",
      "nota_versao": "Aleatório puro com rejeição: soma 140-210 e paridade 2-4 (max 100 tentativas)",
      "concursos": 496,
      "jogos": 4960,
      "media_por_cartao": 1.393951612903226,
      "desvio_por_cartao": 0.9873385316911051,
      "ic95_inf": 1.3664738533326037,
      "ic95_sup": 1.421429372473848,
      "delta_vs_aleatorio": -0.006048387096774022,
      "p_media_vs_aleatorio": 0.6661528592825361,
      "media_melhor_cartao_concurso": 2.9596774193548385,
      "media_media_concurso": 1.3939516129032257,
      "taxa_jogo_terno_ou_mais": 0.1247983870967742,
      "taxa_jogo_quadra_ou_mais": 0.02258064516129032,
      "taxa_jogo_quina_ou_mais": 0.002620967741935484,
      "taxa_concurso_terno_ou_mais": 0.7358870967741935,
      "taxa_concurso_quadra_ou_mais": 0.19959677419354838,
      "taxa_concurso_quina_ou_mais": 0.02620967741935484,
      "p_quadra_ou_mais_vs_aleatorio": 1.0,
      "ternos": 507,
      "quadras": 99,
      "quinas": 13,
      "senas": 0
    },
    {
      "estrategia": "equilibrado",
      "versao": "1.0",
      "nota_versao": "3 pares exatos + 3 ímpares exatos",
      "concursos": 496,
      "jogos": 4960,
      "media_por_cartao": 1.3897177419354838,
      "desvio_por_cartao": 0.9891196357005123,
      "ic95_inf": 1.3621904140089536,
      "ic95_sup": 1.417245069862014,
      "delta_vs_aleatorio": -0.010282258064516103,
      "p_media_vs_aleatorio": 0.46409713484551673,
      "media_melhor_cartao_concurso": 2.9798387096774195,
      "media_media_concurso": 1.3897177419354838,
      "taxa_jogo_terno_ou_mais": 0.1247983870967742,
      "taxa_jogo_quadra_ou_mais": 0.02379032258064516,
      "taxa_jogo_quina_ou_mais": 0.002620967741935484,
      "taxa_concurso_terno_ou_mais": 0.7399193548387096,
      "taxa_concurso_quadra_ou_mais": 0.2157258064516129,
      "taxa_concurso_quina_ou_mais": 0.02620967741935484,
      "p_quadra_ou_mais_vs_aleatorio": 0.5661990133423009,
      "ternos": 501,
      "quadras": 105,
      "quinas": 13,
      "senas": 0
    },
    {
      "estrategia": "misto",
      "versao": "1.0",
      "nota_versao": "2 atrasados + 2 quentes + 2 atraso_recente + filtros básicos",
      "concursos": 496,
      "jogos": 4960,
      "media_por_cartao": 1.3804435483870967,
      "desvio_por_cartao": 0.9894689510237489,
      "ic95_inf": 1.3529064989697523,
      "ic95_sup": 1.407980597804441,
      "delta_vs_aleatorio": -0.019556451612903203,
      "p_media_vs_aleatorio": 0.16393259908171642,
      "media_melhor_cartao_concurso": 2.9455645161290325,
      "media_media_concurso": 1.380443548387097,
      "taxa_jogo_terno_ou_mais": 0.12883064516129034,
      "taxa_jogo_quadra_ou_mais": 0.021975806451612904,
      "taxa_jogo_quina_ou_mais": 0.002217741935483871,